{
  "hash": "20e859c1",
  "configHash": "b97a8c27",
  "lockfileHash": "af057c16",
  "browserHash": "db01b69e",
  "optimized": {
    "@angular/common": {
      "src": "../../../../../node_modules/@angular/common/fesm2022/common.mjs",
      "file": "@angular_common.js",
      "fileHash": "7d24259a",
      "needsInterop": false
    },
    "@angular/common/http": {
      "src": "../../../../../node_modules/@angular/common/fesm2022/http.mjs",
      "file": "@angular_common_http.js",
      "fileHash": "825af2d5",
      "needsInterop": false
    },
    "@angular/core": {
      "src": "../../../../../node_modules/@angular/core/fesm2022/core.mjs",
      "file": "@angular_core.js",
      "fileHash": "0e21d46a",
      "needsInterop": false
    },
    "@angular/platform-browser": {
      "src": "../../../../../node_modules/@angular/platform-browser/fesm2022/platform-browser.mjs",
      "file": "@angular_platform-browser.js",
      "fileHash": "42fcfd83",
      "needsInterop": false
    },
    "@angular/platform-browser/animations": {
      "src": "../../../../../node_modules/@angular/platform-browser/fesm2022/animations.mjs",
      "file": "@angular_platform-browser_animations.js",
      "fileHash": "8ef10ee4",
      "needsInterop": false
    },
    "@angular/router": {
      "src": "../../../../../node_modules/@angular/router/fesm2022/router.mjs",
      "file": "@angular_router.js",
      "fileHash": "e5ccf8b5",
      "needsInterop": false
    },
    "mapbox-gl": {
      "src": "../../../../../node_modules/mapbox-gl/dist/mapbox-gl.js",
      "file": "mapbox-gl.js",
      "fileHash": "e967aeef",
      "needsInterop": true
    },
    "rxjs": {
      "src": "../../../../../node_modules/rxjs/dist/esm5/index.js",
      "file": "rxjs.js",
      "fileHash": "20cbfd5a",
      "needsInterop": false
    },
    "@angular/forms": {
      "src": "../../../../../node_modules/@angular/forms/fesm2022/forms.mjs",
      "file": "@angular_forms.js",
      "fileHash": "60af4100",
      "needsInterop": false
    }
  },
  "chunks": {
    "chunk-4HPRWHYN": {
      "file": "chunk-4HPRWHYN.js"
    },
    "chunk-327FQTBH": {
      "file": "chunk-327FQTBH.js"
    },
    "chunk-W7T4PIYP": {
      "file": "chunk-W7T4PIYP.js"
    },
    "chunk-SBT5WGOL": {
      "file": "chunk-SBT5WGOL.js"
    },
    "chunk-4J25ECOH": {
      "file": "chunk-4J25ECOH.js"
    },
    "chunk-WKYGNSYM": {
      "file": "chunk-WKYGNSYM.js"
    }
  }
}